{
    "gitignore.nix": {
        "branch": "master",
        "description": "Nix function for filtering local git sources",
        "homepage": "",
        "owner": "hercules-ci",
        "repo": "gitignore.nix",
        "rev": "211907489e9f198594c0eb0ca9256a1949c9d412",
        "sha256": "06j7wpvj54khw0z10fjyi31kpafkr6hi1k0di13k1xp8kywvfyx8",
        "type": "tarball",
        "url": "https://github.com/hercules-ci/gitignore.nix/archive/211907489e9f198594c0eb0ca9256a1949c9d412.tar.gz",
        "url_template": "https://github.com/<owner>/<repo>/archive/<rev>.tar.gz"
    },
    "niv": {
        "branch": "master",
        "description": "Easy dependency management for Nix projects",
        "homepage": "https://github.com/nmattia/niv",
        "owner": "nmattia",
        "repo": "niv",
        "rev": "af958e8057f345ee1aca714c1247ef3ba1c15f5e",
        "sha256": "1qjavxabbrsh73yck5dcq8jggvh3r2jkbr6b5nlz5d9yrqm9255n",
        "type": "tarball",
        "url": "https://github.com/nmattia/niv/archive/af958e8057f345ee1aca714c1247ef3ba1c15f5e.tar.gz",
        "url_template": "https://github.com/<owner>/<repo>/archive/<rev>.tar.gz"
    },
    "nixpkgs": {
        "branch": "nixos-21.11",
        "description": "A read-only mirror of NixOS/nixpkgs tracking the released channels. Send issues and PRs to",
        "homepage": "https://github.com/NixOS/nixpkgs",
        "owner": "NixOS",
        "repo": "nixpkgs",
        "rev": "cc257c49c495b2d0d7d40c5753a452d0abc8adf3",
        "sha256": "1saxvyrcb976hhfbx8ybmgirk6ysfggjmm62cn3lvgkkl8nfgqap",
        "type": "tarball",
        "url": "https://github.com/NixOS/nixpkgs/archive/cc257c49c495b2d0d7d40c5753a452d0abc8adf3.tar.gz",
        "url_template": "https://github.com/<owner>/<repo>/archive/<rev>.tar.gz"
    }
}
